{
  "KEY_WORD": [
    "class",
    "void",
    "func",
    "static",
    "private",
    "public",
    "protected",
    "char",
    "int",
    "boolean",
    "double",
    "bool",
    "var",
    "if",
    "else",
    "while",
    "do",
    "for",
    "this",
    "return",
    "null",
    "print"
  ],
  "OP": [
    "+",
    "-",
    "*",
    "/",
    "+=",
    "-=",
    "*=",
    "/=",
    "++",
    "--",
    "&",
    "|",
    "~",
    "&&",
    "||",
    "<",
    ">",
    "=",
    "<=",
    ">=",
    "==",
    "!="
  ],
  "SYMBOL": [
    ".",
    ",",
    ";",
    "(",
    ")",
    "[",
    "]",
    "{",
    "}"
  ],
  "ID": "[_A-Za-z][_A-Za-z0-9]*",
  "CONSTANT": "((\"(.*)\")|('(\\\\)?[\\\\x00-\\\\x7F]')|(\\d+(\\.\\d*)?[ij])|(\\d*(\\.)?\\d*([eE][+\\-]?\\d+)?)|false|true)"
}